frame,time_s,left_cycle_index,right_cycle_index,left_state,right_state,left_angle_raw_deg,right_angle_raw_deg,left_angle_smoothed_deg,right_angle_smoothed_deg,left_torso_arm_angle_deg,right_torso_arm_angle_deg,left_aligned,right_aligned,left_reps,right_reps,left_correct_reps,right_correct_reps,left_incorrect_reps,right_incorrect_reps,total_reps,left_last_rep_reasons,right_last_rep_reasons
1,0.033,0,0,unknown,unknown,162.46,167.84,162.46,,6.48,0.45,1,1,0,0,0,0,0,0,0,,
2,0.067,0,0,down,unknown,168.36,171.83,165.41,,11.12,7.96,1,1,0,0,0,0,0,0,0,,
3,0.1,0,0,down,unknown,166.19,158.69,165.67,,10.52,7.0,1,1,0,0,0,0,0,0,0,,
4,0.133,0,0,down,unknown,164.39,165.2,165.35,,11.94,7.69,1,1,0,0,0,0,0,0,0,,
5,0.167,0,0,down,unknown,164.04,168.29,165.09,,10.68,5.28,1,1,0,0,0,0,0,0,0,,
6,0.2,0,0,down,unknown,161.16,140.63,164.43,,13.28,10.29,1,1,0,0,0,0,0,0,0,,
7,0.234,0,0,down,unknown,158.52,166.37,163.59,,14.88,7.92,1,1,0,0,0,0,0,0,0,,
8,0.267,0,0,transition,unknown,155.88,164.21,162.63,,15.8,7.04,1,1,0,0,0,0,0,0,0,,
9,0.3,0,0,transition,unknown,154.27,123.89,161.7,,15.68,16.68,1,1,0,0,0,0,0,0,0,,
10,0.334,0,0,transition,unknown,151.56,127.67,160.68,,15.73,15.19,1,1,0,0,0,0,0,0,0,,
11,0.367,0,0,transition,unknown,147.31,86.84,159.47,,18.06,17.18,1,1,0,0,0,0,0,0,0,,
12,0.4,0,0,transition,unknown,145.25,71.98,158.28,,15.97,13.31,1,1,0,0,0,0,0,0,0,,
13,0.434,0,0,transition,unknown,145.28,132.3,156.85,,13.79,15.07,1,1,0,0,0,0,0,0,0,,
14,0.467,0,0,transition,unknown,141.06,157.34,154.58,,13.17,0.43,1,1,0,0,0,0,0,0,0,,
15,0.5,0,0,transition,unknown,136.23,154.94,152.08,,17.39,0.2,1,1,0,0,0,0,0,0,0,,
16,0.534,0,0,transition,unknown,131.98,156.45,149.38,,13.04,0.39,1,1,0,0,0,0,0,0,0,,
17,0.567,0,0,transition,unknown,129.02,150.61,146.46,,12.41,0.95,1,1,0,0,0,0,0,0,0,,
18,0.601,0,0,transition,unknown,123.14,137.64,143.29,,12.35,1.51,1,1,0,0,0,0,0,0,0,,
19,0.634,0,0,transition,unknown,115.5,134.35,139.71,,12.62,2.35,1,1,0,0,0,0,0,0,0,,
20,0.667,0,0,transition,unknown,111.85,139.12,136.04,,8.81,1.2,1,1,0,0,0,0,0,0,0,,
21,0.701,0,0,transition,unknown,105.71,116.03,131.99,,6.73,0.71,1,1,0,0,0,0,0,0,0,,
22,0.734,0,0,transition,unknown,98.98,107.88,127.61,,4.25,2.09,1,1,0,0,0,0,0,0,0,,
23,0.767,0,0,transition,unknown,93.83,111.11,123.15,,5.13,6.35,1,1,0,0,0,0,0,0,0,,
24,0.801,0,0,transition,unknown,88.42,101.98,118.42,,4.87,4.99,1,1,0,0,0,0,0,0,0,,
25,0.834,0,0,transition,unknown,81.66,96.1,113.12,,3.07,5.62,1,1,0,0,0,0,0,0,0,,
26,0.867,0,0,transition,unknown,78.79,91.43,107.93,,1.43,9.66,1,1,0,0,0,0,0,0,0,,
27,0.901,0,0,transition,unknown,77.16,92.62,103.0,,1.82,11.32,1,1,0,0,0,0,0,0,0,,
28,0.934,0,0,transition,unknown,70.84,88.81,97.91,,2.44,15.36,1,1,0,0,0,0,0,0,0,,
29,0.968,0,0,transition,unknown,65.93,101.49,92.65,,3.56,19.01,1,0,0,0,0,0,0,0,0,,
30,1.001,0,0,transition,unknown,59.83,98.2,87.38,,4.94,15.17,1,1,0,0,0,0,0,0,0,,
31,1.034,0,0,transition,unknown,56.3,97.31,82.44,,7.33,15.6,0,1,0,0,0,0,0,0,0,,
32,1.068,0,0,transition,unknown,54.2,89.27,77.64,,7.55,23.38,0,0,0,0,0,0,0,0,0,,
33,1.101,0,0,transition,unknown,50.8,89.87,73.06,,9.72,25.35,0,0,0,0,0,0,0,0,0,,
34,1.134,0,0,transition,unknown,48.74,77.55,68.87,,11.68,24.24,0,0,0,0,0,0,0,0,0,,
35,1.168,0,0,up,unknown,46.01,80.44,64.89,,14.09,32.33,0,0,0,0,0,0,0,0,0,,
36,1.201,0,0,up,unknown,45.87,87.34,61.34,,15.8,43.02,0,0,0,0,0,0,0,0,0,,
37,1.234,0,0,up,unknown,41.79,92.2,58.02,,17.23,41.76,0,0,0,0,0,0,0,0,0,,
38,1.268,0,0,up,unknown,40.16,59.01,54.8,,19.75,33.14,0,0,0,0,0,0,0,0,0,,
39,1.301,0,0,up,unknown,39.73,55.27,51.68,,20.32,34.54,0,0,0,0,0,0,0,0,0,,
40,1.335,0,0,up,unknown,40.67,35.36,49.17,,21.17,22.18,0,0,0,0,0,0,0,0,0,,
41,1.368,0,0,up,unknown,38.98,38.89,46.92,,20.82,21.83,0,0,0,0,0,0,0,0,0,,
42,1.401,0,0,up,unknown,39.49,41.15,45.23,,21.39,22.8,0,0,0,0,0,0,0,0,0,,
43,1.435,0,0,up,unknown,37.85,33.59,43.69,,19.83,18.48,0,1,0,0,0,0,0,0,0,,
44,1.468,0,0,up,unknown,36.21,27.15,42.19,,20.41,12.69,0,1,0,0,0,0,0,0,0,,
45,1.501,0,0,up,unknown,37.75,24.54,41.1,,20.3,7.93,0,1,0,0,0,0,0,0,0,,
46,1.535,0,0,up,unknown,39.04,38.51,40.3,,18.92,23.68,0,0,0,0,0,0,0,0,0,,
47,1.568,0,0,up,unknown,38.78,41.88,39.69,,18.33,21.77,0,0,0,0,0,0,0,0,0,,
48,1.601,0,0,up,unknown,40.94,50.18,39.28,,18.75,25.5,0,0,0,0,0,0,0,0,0,,
49,1.635,0,0,up,unknown,42.94,80.26,39.38,,18.14,38.38,0,0,0,0,0,0,0,0,0,,
50,1.668,0,0,up,unknown,44.4,79.8,39.73,,17.01,40.61,0,0,0,0,0,0,0,0,0,,
51,1.702,0,0,up,unknown,43.72,95.49,40.06,,14.31,36.01,0,0,0,0,0,0,0,0,0,,
52,1.735,0,0,up,unknown,44.93,93.95,40.42,,12.73,32.12,0,0,0,0,0,0,0,0,0,,
53,1.768,0,0,up,unknown,47.88,132.18,41.16,,11.64,39.74,0,0,0,0,0,0,0,0,0,,
54,1.802,0,0,up,unknown,49.39,101.54,41.98,,10.75,26.02,0,0,0,0,0,0,0,0,0,,
55,1.835,0,0,up,unknown,52.5,73.05,43.21,,10.68,16.59,0,0,0,0,0,0,0,0,0,,
56,1.868,0,0,transition,unknown,56.6,85.08,44.91,,8.57,13.84,0,1,0,0,0,0,0,0,0,,
57,1.902,0,0,transition,unknown,58.97,90.36,46.67,,6.55,11.46,0,1,0,0,0,0,0,0,0,,
58,1.935,0,0,transition,unknown,61.57,68.87,48.55,,4.59,11.17,1,1,0,0,0,0,0,0,0,,
59,1.968,0,0,transition,unknown,65.45,86.03,50.77,,3.32,13.87,1,1,0,0,0,0,0,0,0,,
60,2.002,0,0,transition,unknown,66.69,87.08,52.92,,1.43,14.47,1,1,0,0,0,0,0,0,0,,
61,2.035,0,0,transition,unknown,68.87,99.42,55.08,,0.96,13.79,1,1,0,0,0,0,0,0,0,,
62,2.069,0,0,transition,unknown,72.31,89.84,57.41,,0.09,14.39,1,1,0,0,0,0,0,0,0,,
63,2.102,0,0,transition,unknown,73.86,96.78,59.92,,3.03,12.27,1,1,0,0,0,0,0,0,0,,
64,2.135,0,0,transition,unknown,76.29,104.22,62.53,,2.73,12.91,1,1,0,0,0,0,0,0,0,,
65,2.169,0,0,transition,unknown,78.04,82.72,65.05,,4.22,14.59,1,1,0,0,0,0,0,0,0,,
66,2.202,0,0,transition,unknown,83.05,116.13,67.85,,3.99,10.89,1,1,0,0,0,0,0,0,0,,
67,2.235,0,0,transition,unknown,89.42,117.09,70.93,,4.6,9.8,1,1,0,0,0,0,0,0,0,,
68,2.269,0,0,transition,unknown,92.23,106.39,73.9,,7.35,5.07,1,1,0,0,0,0,0,0,0,,
69,2.302,0,0,transition,unknown,96.25,110.31,77.0,,7.25,3.33,1,1,0,0,0,0,0,0,0,,
70,2.335,0,0,transition,unknown,99.76,120.26,80.18,,7.51,4.28,1,1,0,0,0,0,0,0,0,,
71,2.369,0,0,transition,unknown,106.15,122.56,83.58,,8.67,3.07,1,1,0,0,0,0,0,0,0,,
72,2.402,0,0,transition,unknown,108.71,130.32,87.08,,9.95,0.78,1,1,0,0,0,0,0,0,0,,
73,2.436,0,0,transition,unknown,113.42,133.52,90.79,,12.15,2.08,1,1,0,0,0,0,0,0,0,,
74,2.469,0,0,transition,unknown,117.94,145.88,94.59,,10.71,1.88,1,1,0,0,0,0,0,0,0,,
75,2.502,0,0,transition,unknown,122.17,150.9,98.62,,10.4,2.08,1,1,0,0,0,0,0,0,0,,
76,2.536,0,0,transition,unknown,127.28,147.18,102.87,,10.73,1.04,1,1,0,0,0,0,0,0,0,,
77,2.569,0,0,transition,unknown,129.6,156.5,107.16,,10.64,0.56,1,1,0,0,0,0,0,0,0,,
78,2.602,0,0,transition,unknown,133.27,160.21,111.35,,10.98,1.12,1,1,0,0,0,0,0,0,0,,
79,2.636,0,0,transition,unknown,137.99,164.06,115.4,,12.22,0.53,1,1,0,0,0,0,0,0,0,,
80,2.669,0,0,transition,unknown,141.27,155.89,119.48,,9.99,2.86,1,1,0,0,0,0,0,0,0,,
81,2.702,0,0,transition,unknown,144.75,153.74,123.52,,11.45,0.61,1,1,0,0,0,0,0,0,0,,
82,2.736,0,0,transition,unknown,147.65,155.91,127.52,,11.78,0.27,1,1,0,0,0,0,0,0,0,,
83,2.769,0,0,transition,unknown,148.99,155.21,131.09,,10.23,0.47,1,1,0,0,0,0,0,0,0,,
84,2.803,0,0,transition,unknown,154.39,157.13,134.89,,10.81,2.51,1,1,0,0,0,0,0,0,0,,
85,2.836,0,0,transition,unknown,155.97,158.93,138.44,,11.2,4.54,1,1,0,0,0,0,0,0,0,,
86,2.869,0,0,transition,unknown,157.59,152.83,141.74,,13.25,11.33,1,1,0,0,0,0,0,0,0,,
87,2.903,0,0,transition,unknown,156.4,162.5,144.6,,15.43,10.12,1,1,0,0,0,0,0,0,0,,
88,2.936,0,0,transition,unknown,158.83,159.42,147.22,,16.53,9.21,1,1,0,0,0,0,0,0,0,,
89,2.969,0,0,transition,unknown,162.39,164.1,149.96,,16.38,12.31,1,1,0,0,0,0,0,0,0,,
90,3.003,1,0,down,unknown,162.44,173.42,,,17.34,5.14,1,1,1,0,1,0,0,0,1,,
91,3.036,1,0,down,unknown,164.77,165.38,164.77,,17.68,8.34,1,1,1,0,1,0,0,0,1,,
92,3.069,1,0,down,unknown,166.12,166.23,165.44,,17.6,10.15,1,1,1,0,1,0,0,0,1,,
93,3.103,1,0,down,unknown,167.19,171.19,166.03,,15.92,7.75,1,1,1,0,1,0,0,0,1,,
94,3.136,1,0,down,unknown,164.72,165.77,165.7,,17.66,8.47,0,1,1,0,1,0,0,0,1,,
95,3.17,1,0,down,unknown,163.27,161.41,165.21,,16.35,10.37,1,1,1,0,1,0,0,0,1,,
96,3.203,1,0,down,unknown,162.55,156.31,164.77,,17.92,11.78,1,1,1,0,1,0,0,0,1,,
97,3.236,1,0,down,unknown,161.99,169.67,164.37,,18.0,10.84,1,1,1,0,1,0,0,0,1,,
98,3.27,1,0,down,unknown,160.02,145.2,163.83,,19.99,12.84,1,1,1,0,1,0,0,0,1,,
99,3.303,1,0,down,unknown,158.46,121.62,163.23,,17.97,19.39,1,1,1,0,1,0,0,0,1,,
100,3.336,1,0,transition,unknown,152.92,142.86,162.2,,18.61,10.58,1,1,1,0,1,0,0,0,1,,
101,3.37,1,0,transition,unknown,151.72,172.49,161.25,,16.59,0.59,1,1,1,0,1,0,0,0,1,,
102,3.403,1,0,transition,unknown,147.47,161.1,160.1,,15.67,4.58,1,1,1,0,1,0,0,0,1,,
103,3.436,1,0,transition,unknown,144.35,155.47,158.4,,11.79,1.46,1,1,1,0,1,0,0,0,1,,
104,3.47,1,0,transition,unknown,140.92,147.92,156.3,,16.1,4.19,1,1,1,0,1,0,0,0,1,,
105,3.503,1,0,transition,unknown,137.89,134.01,153.86,,14.3,8.02,1,1,1,0,1,0,0,0,1,,
106,3.537,1,0,transition,unknown,131.69,150.44,151.1,,12.42,1.13,1,1,1,0,1,0,0,0,1,,
107,3.57,1,0,transition,unknown,124.78,151.66,147.9,,10.0,6.87,1,1,1,0,1,0,0,0,1,,
108,3.603,1,0,transition,unknown,117.52,140.9,144.14,,11.32,7.39,1,1,1,0,1,0,0,0,1,,
109,3.637,1,0,transition,unknown,110.64,143.42,139.87,,9.78,10.74,1,1,1,0,1,0,0,0,1,,
110,3.67,1,0,transition,unknown,104.34,126.1,135.23,,10.94,9.87,1,1,1,0,1,0,0,0,1,,
111,3.703,1,0,transition,unknown,97.37,120.43,130.13,,4.6,14.21,1,1,1,0,1,0,0,0,1,,
112,3.737,1,0,transition,unknown,91.31,110.87,125.0,,5.69,9.42,1,1,1,0,1,0,0,0,1,,
113,3.77,1,0,transition,unknown,86.12,112.06,119.53,,3.16,13.02,1,1,1,0,1,0,0,0,1,,
114,3.803,1,0,transition,unknown,77.01,96.9,113.66,,2.2,16.44,1,1,1,0,1,0,0,0,1,,
115,3.837,1,0,transition,unknown,70.94,96.13,107.54,,1.53,17.74,1,1,1,0,1,0,0,0,1,,
116,3.87,1,0,transition,unknown,69.41,86.17,101.58,,1.95,14.19,1,1,1,0,1,0,0,0,1,,
117,3.904,1,0,transition,unknown,66.7,86.55,95.65,,3.61,15.4,1,1,1,0,1,0,0,0,1,,
118,3.937,1,0,transition,unknown,60.12,81.33,89.69,,0.97,15.45,1,0,1,0,1,0,0,0,1,,
119,3.97,1,0,transition,unknown,55.7,86.02,83.93,,3.47,19.32,1,0,1,0,1,0,0,0,1,,
120,4.004,1,0,transition,unknown,52.71,75.85,78.53,,4.39,21.6,1,0,1,0,1,0,0,0,1,,
121,4.037,1,0,transition,unknown,45.99,80.07,73.14,,8.61,29.04,0,0,1,0,1,0,0,0,1,,
122,4.07,1,0,up,unknown,44.26,72.45,68.14,,9.84,22.42,0,0,1,0,1,0,0,0,1,,
123,4.104,1,0,up,unknown,43.47,66.79,63.65,,11.83,26.24,0,0,1,0,1,0,0,0,1,,
124,4.137,1,0,up,unknown,40.73,71.91,59.43,,14.28,30.02,0,0,1,0,1,0,0,0,1,,
125,4.17,1,0,up,unknown,38.97,54.12,55.5,,15.27,29.45,0,0,1,0,1,0,0,0,1,,
126,4.204,1,0,up,unknown,39.42,45.85,52.37,,16.74,26.28,0,1,1,0,1,0,0,0,1,,
127,4.237,1,0,up,unknown,37.19,41.71,49.56,,15.52,23.1,0,1,1,0,1,0,0,0,1,,
128,4.271,1,0,up,unknown,35.92,39.74,46.77,,18.07,23.63,0,1,1,0,1,0,0,0,1,,
129,4.304,1,0,up,unknown,33.86,33.94,44.03,,17.21,22.24,0,1,1,0,1,0,0,0,1,,
130,4.337,1,0,up,unknown,32.38,25.7,41.72,,15.95,16.64,0,1,1,0,1,0,0,0,1,,
131,4.371,1,0,up,unknown,35.28,34.85,40.01,,18.4,24.13,0,1,1,0,1,0,0,0,1,,
132,4.404,1,0,up,unknown,33.46,39.22,38.41,,18.18,24.24,0,1,1,0,1,0,0,0,1,,
133,4.437,1,0,up,unknown,33.19,35.41,37.34,,17.53,23.14,0,1,1,0,1,0,0,0,1,,
134,4.471,1,0,up,unknown,34.44,40.47,36.53,,16.28,27.81,0,1,1,0,1,0,0,0,1,,
135,4.504,1,0,up,unknown,35.11,34.42,35.83,,14.54,22.72,0,1,1,0,1,0,0,0,1,,
136,4.537,1,0,up,unknown,35.74,35.27,35.41,,13.83,23.8,0,1,1,0,1,0,0,0,1,,
137,4.571,1,0,up,unknown,36.23,44.27,35.18,,9.9,25.36,0,1,1,0,1,0,0,0,1,,
138,4.604,1,0,up,unknown,38.85,47.39,35.14,,7.96,21.46,1,1,1,0,1,0,0,0,1,,
139,4.638,1,0,up,unknown,39.85,52.47,35.36,,6.64,24.49,1,0,1,0,1,0,0,0,1,,
140,4.671,1,0,up,unknown,43.36,59.64,35.98,,5.25,24.78,1,0,1,0,1,0,0,0,1,,
141,4.704,1,0,up,unknown,48.11,61.42,37.17,,3.35,16.78,1,1,1,0,1,0,0,0,1,,
142,4.738,1,0,up,unknown,51.59,78.76,38.77,,0.98,16.67,1,1,1,0,1,0,0,0,1,,
143,4.771,1,0,transition,unknown,53.62,63.92,40.3,,1.29,8.02,1,1,1,0,1,0,0,0,1,,
144,4.804,1,0,transition,unknown,56.47,67.41,42.21,,2.97,1.65,1,1,1,0,1,0,0,0,1,,
145,4.838,1,0,transition,unknown,57.33,75.15,44.22,,5.46,1.48,1,1,1,0,1,0,0,0,1,,
146,4.871,1,0,transition,unknown,60.61,84.86,46.41,,5.04,0.97,1,1,1,0,1,0,0,0,1,,
147,4.905,1,0,transition,unknown,65.68,57.39,48.95,,5.33,5.2,1,1,1,0,1,0,0,0,1,,
148,4.938,1,0,transition,unknown,69.5,60.81,51.77,,7.12,5.02,1,1,1,0,1,0,0,0,1,,
149,4.971,1,0,transition,unknown,72.79,68.97,54.81,,8.22,3.27,1,1,1,0,1,0,0,0,1,,
150,5.005,1,0,transition,unknown,77.51,89.03,58.04,,7.76,7.9,1,1,1,0,1,0,0,0,1,,
151,5.038,1,0,transition,unknown,85.47,99.7,61.84,,7.15,7.96,1,1,1,0,1,0,0,0,1,,
152,5.071,1,0,transition,unknown,90.74,120.22,65.79,,9.63,16.07,1,1,1,0,1,0,0,0,1,,
153,5.105,1,0,transition,unknown,92.94,124.29,69.52,,10.16,15.8,1,1,1,0,1,0,0,0,1,,
154,5.138,1,0,transition,unknown,97.16,129.78,73.32,,12.38,9.53,1,1,1,0,1,0,0,0,1,,
155,5.171,1,0,transition,unknown,103.27,148.92,77.46,,11.05,15.43,1,1,1,0,1,0,0,0,1,,
156,5.205,1,0,transition,unknown,112.05,132.52,82.09,,10.83,8.94,1,1,1,0,1,0,0,0,1,,
157,5.238,1,0,transition,unknown,117.38,141.42,87.09,,8.6,9.25,1,1,1,0,1,0,0,0,1,,
158,5.272,1,0,transition,unknown,124.97,139.23,92.46,,7.81,10.47,1,1,1,0,1,0,0,0,1,,
159,5.305,1,0,transition,unknown,125.14,120.6,97.41,,11.18,0.1,1,1,1,0,1,0,0,0,1,,
160,5.338,1,0,transition,unknown,131.85,145.91,102.61,,10.21,7.87,1,1,1,0,1,0,0,0,1,,
161,5.372,1,0,transition,unknown,130.22,154.28,107.39,,11.27,9.13,1,1,1,0,1,0,0,0,1,,
162,5.405,1,0,transition,unknown,130.2,145.27,111.78,,16.18,3.18,1,1,1,0,1,0,0,0,1,,
163,5.438,1,0,transition,unknown,135.2,43.36,115.93,,14.75,0.17,1,1,1,0,1,0,0,0,1,,
164,5.472,1,0,transition,unknown,136.78,151.72,119.76,,14.28,9.84,1,1,1,0,1,0,0,0,1,,
165,5.505,1,0,transition,unknown,140.43,47.81,123.72,,12.74,14.62,1,1,1,0,1,0,0,0,1,,
166,5.538,1,0,transition,unknown,142.82,170.01,127.53,,14.27,5.89,1,1,1,0,1,0,0,0,1,,
167,5.572,1,0,transition,unknown,148.79,24.81,131.32,,10.52,15.55,1,1,1,0,1,0,0,0,1,,
168,5.605,1,0,transition,unknown,148.0,23.77,134.32,,12.14,18.08,1,1,1,0,1,0,0,0,1,,
169,5.639,1,0,transition,unknown,150.52,170.78,137.08,,10.81,7.68,1,1,1,0,1,0,0,0,1,,
170,5.672,1,0,transition,unknown,152.97,179.05,139.41,,12.19,5.23,1,1,1,0,1,0,0,0,1,,
171,5.705,1,0,transition,unknown,156.83,177.87,142.05,,12.08,5.79,1,1,1,0,1,0,0,0,1,,
172,5.739,1,0,transition,unknown,159.32,165.7,144.34,,12.31,4.93,1,1,1,0,1,0,0,0,1,,
173,5.772,1,0,transition,unknown,162.04,163.36,146.99,,13.35,1.85,1,1,1,0,1,0,0,0,1,,
174,5.805,2,0,down,unknown,163.13,171.7,,,13.38,1.25,1,1,2,0,2,0,0,0,2,,
175,5.839,2,0,down,unknown,161.48,24.6,161.48,,16.94,16.7,1,1,2,0,2,0,0,0,2,,
176,5.872,2,0,down,unknown,160.64,171.44,161.06,,17.64,6.14,1,1,2,0,2,0,0,0,2,,
177,5.905,2,0,down,unknown,162.18,179.42,161.43,,18.3,5.1,1,1,2,0,2,0,0,0,2,,
178,5.939,2,0,down,unknown,161.77,165.67,161.52,,18.06,3.26,1,1,2,0,2,0,0,0,2,,
179,5.972,2,0,down,unknown,160.8,139.33,161.37,,20.12,6.55,0,1,2,0,2,0,0,0,2,,
180,6.006,2,0,down,unknown,162.51,173.23,161.56,,19.92,8.24,1,1,2,0,2,0,0,0,2,,
181,6.039,2,0,down,unknown,160.95,162.57,161.48,,19.54,3.0,1,1,2,0,2,0,0,0,2,,
182,6.072,2,0,down,unknown,159.58,174.01,161.24,,20.52,3.47,1,1,2,0,2,0,0,0,2,,
183,6.106,2,0,down,unknown,160.45,167.31,161.15,,19.52,3.5,1,1,2,0,2,0,0,0,2,,
184,6.139,2,0,down,unknown,156.47,160.7,160.68,,15.56,5.45,1,1,2,0,2,0,0,0,2,,
185,6.172,2,0,transition,unknown,152.54,163.62,159.94,,17.95,6.37,1,1,2,0,2,0,0,0,2,,
186,6.206,2,0,transition,unknown,151.14,161.01,159.21,,13.04,2.16,1,1,2,0,2,0,0,0,2,,
187,6.239,2,0,transition,unknown,151.43,176.14,158.37,,12.09,5.78,1,1,2,0,2,0,0,0,2,,
188,6.272,2,0,transition,unknown,146.01,155.91,157.15,,10.25,1.12,1,1,2,0,2,0,0,0,2,,
189,6.306,2,0,transition,unknown,142.05,151.35,155.47,,10.22,4.05,1,1,2,0,2,0,0,0,2,,
190,6.339,2,0,transition,unknown,138.15,153.8,153.51,,8.56,10.08,1,1,2,0,2,0,0,0,2,,
191,6.373,2,0,transition,unknown,130.74,134.87,151.0,,10.32,6.06,1,1,2,0,2,0,0,0,2,,
192,6.406,2,0,transition,unknown,127.18,126.82,148.06,,8.61,4.04,1,1,2,0,2,0,0,0,2,,
193,6.439,2,0,transition,unknown,119.67,137.79,144.62,,8.17,16.23,1,1,2,0,2,0,0,0,2,,
194,6.473,2,0,transition,unknown,113.15,129.17,140.75,,8.25,12.44,1,1,2,0,2,0,0,0,2,,
195,6.506,2,0,transition,unknown,103.19,119.35,135.98,,9.0,10.49,1,1,2,0,2,0,0,0,2,,
196,6.539,2,0,transition,unknown,95.52,117.46,130.9,,8.74,11.12,1,1,2,0,2,0,0,0,2,,
197,6.573,2,0,transition,unknown,90.43,112.82,125.72,,7.37,7.98,1,1,2,0,2,0,0,0,2,,
198,6.606,2,0,transition,unknown,85.36,111.24,120.24,,4.97,6.32,1,1,2,0,2,0,0,0,2,,
199,6.639,2,0,transition,unknown,80.45,101.08,114.32,,4.9,5.18,1,1,2,0,2,0,0,0,2,,
200,6.673,2,0,transition,unknown,75.47,114.72,108.45,,3.2,18.69,1,0,2,0,2,0,0,0,2,,
201,6.706,2,0,transition,unknown,67.63,99.42,102.24,,2.21,12.78,1,1,2,0,2,0,0,0,2,,
202,6.74,2,0,transition,unknown,67.24,97.6,96.34,,0.17,12.02,1,1,2,0,2,0,0,0,2,,
203,6.773,2,0,transition,unknown,62.21,100.7,90.62,,0.73,20.37,1,0,2,0,2,0,0,0,2,,
204,6.806,2,0,transition,unknown,58.74,84.53,84.92,,4.3,22.04,1,0,2,0,2,0,0,0,2,,
205,6.84,2,0,transition,unknown,53.85,76.23,79.44,,6.28,23.19,1,0,2,0,2,0,0,0,2,,
206,6.873,2,0,transition,unknown,50.09,72.14,74.18,,8.01,26.28,0,0,2,0,2,0,0,0,2,,
207,6.906,2,0,transition,unknown,45.78,68.46,69.4,,9.42,25.97,0,0,2,0,2,0,0,0,2,,
208,6.94,2,0,up,unknown,45.54,60.08,65.23,,10.9,25.9,0,0,2,0,2,0,0,0,2,,
209,6.973,2,0,up,unknown,44.61,57.87,61.41,,12.93,25.66,0,0,2,0,2,0,0,0,2,,
210,7.006,2,0,up,unknown,42.52,58.12,57.84,,14.71,30.15,0,0,2,0,2,0,0,0,2,,
211,7.04,2,0,up,unknown,40.09,48.53,54.48,,15.0,26.52,0,0,2,0,2,0,0,0,2,,
212,7.073,2,0,up,unknown,38.82,38.75,51.43,,16.01,25.99,0,0,2,0,2,0,0,0,2,,
213,7.107,2,0,up,unknown,37.48,35.37,48.91,,18.04,25.29,0,0,2,0,2,0,0,0,2,,
214,7.14,2,0,up,unknown,34.46,33.27,46.18,,16.54,24.38,0,0,2,0,2,0,0,0,2,,
215,7.173,2,0,up,unknown,32.21,31.97,43.68,,16.67,24.88,0,0,2,0,2,0,0,0,2,,
216,7.207,2,0,up,unknown,30.78,27.7,41.35,,17.29,24.73,0,0,2,0,2,0,0,0,2,,
217,7.24,2,0,up,unknown,31.38,31.19,39.48,,18.14,26.2,0,0,2,0,2,0,0,0,2,,
218,7.273,2,0,up,unknown,31.31,31.99,37.92,,18.2,25.48,0,0,2,0,2,0,0,0,2,,
219,7.307,2,0,up,unknown,31.17,35.62,36.7,,18.07,27.62,0,0,2,0,2,0,0,0,2,,
220,7.34,2,0,up,unknown,32.36,37.19,35.6,,18.51,26.86,0,0,2,0,2,0,0,0,2,,
221,7.373,2,0,up,unknown,34.13,36.94,34.73,,17.05,24.66,0,0,2,0,2,0,0,0,2,,
222,7.407,2,0,up,unknown,35.05,43.87,34.1,,16.15,27.57,0,0,2,0,2,0,0,0,2,,
223,7.44,2,0,up,unknown,37.39,48.74,33.88,,14.78,30.72,0,0,2,0,2,0,0,0,2,,
224,7.474,2,0,up,unknown,38.48,49.67,33.85,,14.62,31.36,0,0,2,0,2,0,0,0,2,,
225,7.507,2,0,up,unknown,40.03,52.43,34.06,,13.97,34.49,0,0,2,0,2,0,0,0,2,,
226,7.54,2,0,up,unknown,42.03,64.63,34.69,,13.69,32.3,0,0,2,0,2,0,0,0,2,,
227,7.574,2,0,up,unknown,43.5,67.48,35.63,,10.32,32.7,0,0,2,0,2,0,0,0,2,,
228,7.607,2,0,up,unknown,46.26,75.28,36.92,,7.42,29.12,1,0,2,0,2,0,0,0,2,,
229,7.64,2,0,up,unknown,50.98,77.08,38.56,,6.1,25.63,1,0,2,0,2,0,0,0,2,,
230,7.674,2,0,transition,unknown,55.18,91.39,40.55,,3.89,27.59,1,0,2,0,2,0,0,0,2,,
231,7.707,2,0,transition,unknown,60.28,83.99,42.97,,1.48,25.29,1,0,2,0,2,0,0,0,2,,
232,7.74,2,0,transition,unknown,60.78,94.93,45.34,,1.01,19.17,1,0,2,0,2,0,0,0,2,,
233,7.774,2,0,transition,unknown,62.87,98.52,47.73,,1.53,18.75,1,0,2,0,2,0,0,0,2,,
234,7.807,2,0,transition,unknown,68.13,93.68,50.49,,5.6,10.43,1,1,2,0,2,0,0,0,2,,
235,7.841,2,0,transition,unknown,72.74,99.16,53.44,,4.87,8.08,1,1,2,0,2,0,0,0,2,,
236,7.874,2,0,transition,unknown,77.21,95.87,56.66,,5.26,10.17,1,1,2,0,2,0,0,0,2,,
237,7.907,2,0,transition,unknown,79.93,101.82,59.99,,6.97,9.55,1,1,2,0,2,0,0,0,2,,
238,7.941,2,0,transition,unknown,84.5,106.35,63.53,,7.51,10.51,1,1,2,0,2,0,0,0,2,,
239,7.974,2,0,transition,unknown,85.61,108.46,67.04,,7.68,11.94,1,1,2,0,2,0,0,0,2,,
240,8.007,2,0,transition,unknown,88.07,114.13,70.52,,7.51,12.48,1,1,2,0,2,0,0,0,2,,
241,8.041,2,0,transition,unknown,93.72,116.01,74.08,,8.92,12.04,1,1,2,0,2,0,0,0,2,,
242,8.074,2,0,transition,unknown,100.34,119.24,77.85,,8.29,12.4,1,1,2,0,2,0,0,0,2,,
243,8.107,2,0,transition,unknown,103.88,129.73,81.48,,12.94,9.77,1,0,2,0,2,0,0,0,2,,
244,8.141,2,0,transition,unknown,113.77,135.38,85.9,,10.08,10.25,1,1,2,0,2,0,0,0,2,,
245,8.174,2,0,transition,unknown,118.72,139.6,90.55,,10.84,11.1,1,0,2,0,2,0,0,0,2,,
246,8.208,2,0,transition,unknown,125.81,141.17,95.36,,10.54,6.9,1,1,2,0,2,0,0,0,2,,
247,8.241,2,0,transition,unknown,129.73,144.51,100.11,,10.62,7.31,1,1,2,0,2,0,0,0,2,,
248,8.274,2,0,transition,unknown,134.67,148.35,104.89,,9.75,7.76,1,1,2,0,2,0,0,0,2,,
249,8.308,2,0,transition,unknown,138.38,148.21,109.77,,7.45,7.09,1,1,2,0,2,0,0,0,2,,
250,8.341,2,0,transition,unknown,141.85,156.35,114.55,,5.13,3.92,1,1,2,0,2,0,0,0,2,,
251,8.374,2,0,transition,unknown,145.65,169.75,119.55,,6.11,3.13,1,1,2,0,2,0,0,0,2,,
252,8.408,2,0,transition,unknown,150.31,167.45,124.74,,5.04,0.72,1,1,2,0,2,0,0,0,2,,
253,8.441,2,0,transition,unknown,153.91,170.52,129.75,,5.23,2.98,1,1,2,0,2,0,0,0,2,,
254,8.474,2,0,transition,unknown,155.43,166.59,134.34,,5.06,3.64,1,1,2,0,2,0,0,0,2,,
255,8.508,2,0,transition,unknown,157.93,162.92,138.85,,6.45,3.97,1,1,2,0,2,0,0,0,2,,
256,8.541,2,0,transition,unknown,159.5,176.08,142.66,,6.0,8.9,1,1,2,0,2,0,0,0,2,,
257,8.575,2,0,transition,unknown,165.35,35.65,146.54,,5.72,22.13,1,1,2,0,2,0,0,0,2,,
258,8.608,3,0,down,unknown,166.74,25.76,,,8.65,16.9,1,0,3,0,3,0,0,0,3,,
259,8.641,3,0,down,unknown,166.84,28.31,,,8.44,22.34,1,0,3,0,3,0,0,0,3,,
260,8.675,3,0,down,unknown,169.79,26.74,,,9.68,19.04,1,1,3,0,3,0,0,0,3,,
261,8.708,3,0,down,unknown,169.12,24.66,,,11.12,18.21,1,1,3,0,3,0,0,0,3,,
262,8.741,3,0,down,unknown,169.28,20.61,,,10.86,16.69,1,1,3,0,3,0,0,0,3,,
263,8.775,3,0,down,unknown,170.78,24.84,170.78,,10.79,24.45,1,0,3,0,3,0,0,0,3,,
264,8.808,3,0,down,unknown,171.86,23.04,171.32,,9.52,21.75,1,1,3,0,3,0,0,0,3,,
265,8.841,3,0,down,unknown,170.45,25.44,171.03,,9.65,25.67,1,0,3,0,3,0,0,0,3,,
266,8.875,3,0,down,unknown,168.14,26.75,170.31,,9.69,23.18,1,1,3,0,3,0,0,0,3,,
267,8.908,3,0,down,unknown,167.37,25.5,169.72,,11.21,24.02,1,1,3,0,3,0,0,0,3,,
268,8.942,3,0,down,unknown,166.59,24.15,169.2,,10.16,21.15,1,1,3,0,3,0,0,0,3,,
269,8.975,3,0,down,unknown,166.6,26.93,168.83,,10.82,23.66,1,1,3,0,3,0,0,0,3,,
270,9.008,3,0,down,unknown,158.87,118.27,167.58,,11.53,13.87,1,1,3,0,3,0,0,0,3,,
271,9.042,3,0,transition,unknown,157.01,178.99,166.41,,10.6,5.06,1,1,3,0,3,0,0,0,3,,
272,9.075,3,0,transition,unknown,149.08,64.62,164.68,,15.61,14.44,1,1,3,0,3,0,0,0,3,,
273,9.108,3,0,transition,unknown,147.4,33.08,163.11,,14.22,13.06,1,1,3,0,3,0,0,0,3,,
274,9.142,3,0,transition,unknown,147.17,30.44,161.78,,11.78,18.66,1,1,3,0,3,0,0,0,3,,
275,9.175,3,0,transition,unknown,144.01,120.25,159.55,,9.63,13.66,1,1,3,0,3,0,0,0,3,,
276,9.208,3,0,transition,unknown,141.69,149.38,157.03,,7.55,4.65,1,1,3,0,3,0,0,0,3,,
277,9.242,3,0,transition,unknown,135.02,147.66,154.08,,9.03,10.7,1,1,3,0,3,0,0,0,3,,
278,9.275,3,0,transition,unknown,130.82,132.77,150.97,,9.18,5.48,1,1,3,0,3,0,0,0,3,,
279,9.309,3,0,transition,unknown,125.77,142.8,147.5,,7.42,14.21,1,1,3,0,3,0,0,0,3,,
280,9.342,3,0,transition,unknown,120.35,140.38,143.65,,7.91,14.9,1,1,3,0,3,0,0,0,3,,
281,9.375,3,0,transition,unknown,116.58,136.42,139.48,,6.3,15.67,1,1,3,0,3,0,0,0,3,,
282,9.409,3,0,transition,unknown,111.34,132.82,135.52,,5.56,15.86,1,1,3,0,3,0,0,0,3,,
283,9.442,3,0,transition,unknown,102.45,119.0,130.97,,4.93,14.37,1,1,3,0,3,0,0,0,3,,
284,9.475,3,0,transition,unknown,97.18,118.88,126.65,,2.49,17.05,1,1,3,0,3,0,0,0,3,,
285,9.509,3,0,transition,unknown,93.16,112.12,122.13,,0.27,17.1,1,1,3,0,3,0,0,0,3,,
286,9.542,3,0,transition,unknown,85.53,101.08,116.99,,0.43,16.32,1,1,3,0,3,0,0,0,3,,
287,9.575,3,0,transition,unknown,81.27,75.15,111.76,,1.26,15.49,1,1,3,0,3,0,0,0,3,,
288,9.609,3,0,transition,unknown,76.86,84.19,106.36,,0.16,11.91,1,1,3,0,3,0,0,0,3,,
289,9.642,3,0,transition,unknown,75.91,93.91,101.43,,2.55,12.1,1,1,3,0,3,0,0,0,3,,
290,9.676,3,0,transition,unknown,68.32,78.44,96.23,,2.57,15.47,1,1,3,0,3,0,0,0,3,,
291,9.709,3,0,transition,unknown,63.34,70.09,91.02,,3.29,15.46,1,1,3,0,3,0,0,0,3,,
292,9.742,3,0,transition,unknown,59.36,74.59,85.94,,4.08,12.61,1,1,3,0,3,0,0,0,3,,
293,9.776,3,0,transition,unknown,54.62,68.29,80.78,,5.67,12.18,1,1,3,0,3,0,0,0,3,,
294,9.809,3,0,transition,unknown,52.18,80.26,75.85,,7.42,15.38,1,1,3,0,3,0,0,0,3,,
295,9.842,3,0,transition,unknown,48.11,70.49,71.32,,7.63,22.49,1,0,3,0,3,0,0,0,3,,
296,9.876,3,0,up,unknown,45.56,72.8,67.02,,8.71,22.7,0,1,3,0,3,0,0,0,3,,
297,9.909,3,0,up,unknown,41.18,58.74,62.69,,8.64,19.28,0,1,3,0,3,0,0,0,3,,
298,9.942,3,0,up,unknown,39.87,51.52,58.88,,10.62,21.54,0,1,3,0,3,0,0,0,3,,
299,9.976,3,0,up,unknown,37.48,45.68,55.23,,10.71,17.62,0,1,3,0,3,0,0,0,3,,
300,10.009,3,0,up,unknown,37.02,47.33,51.91,,10.6,21.34,0,0,3,0,3,0,0,0,3,,
301,10.043,3,0,up,unknown,35.14,44.84,48.52,,12.16,20.98,0,0,3,0,3,0,0,0,3,,
302,10.076,3,0,up,unknown,34.22,40.24,45.67,,13.02,15.95,0,1,3,0,3,0,0,0,3,,
303,10.109,3,0,up,unknown,33.16,43.2,43.16,,12.16,16.07,0,1,3,0,3,0,0,0,3,,
304,10.143,3,0,up,unknown,31.17,39.01,40.81,,11.82,12.78,0,1,3,0,3,0,0,0,3,,
305,10.176,3,0,up,unknown,31.62,41.36,38.89,,11.95,19.43,0,0,3,0,3,0,0,0,3,,
306,10.209,3,0,up,unknown,32.66,45.5,37.27,,12.62,19.53,0,0,3,0,3,0,0,0,3,,
307,10.243,3,0,up,unknown,33.72,46.2,36.07,,12.37,17.51,0,1,3,0,3,0,0,0,3,,
308,10.276,3,0,up,unknown,33.5,50.18,36.07,,10.28,20.47,0,0,3,0,3,0,0,0,3,,
309,10.309,3,0,up,unknown,37.0,45.76,35.35,,12.08,17.55,0,1,3,0,3,0,0,0,3,,
310,10.343,3,0,up,unknown,39.98,66.33,35.25,,11.27,25.03,0,0,3,0,3,0,0,0,3,,
311,10.376,3,0,up,unknown,44.29,70.6,35.62,,12.12,23.65,0,0,3,0,3,0,0,0,3,,
312,10.41,3,0,up,unknown,49.19,92.75,36.6,,10.28,25.07,0,0,3,0,3,0,0,0,3,,
313,10.443,3,0,up,unknown,52.47,106.06,37.89,,9.78,25.58,0,0,3,0,3,0,0,0,3,,
314,10.476,3,0,transition,unknown,57.08,99.06,39.71,,8.77,15.15,0,1,3,0,3,0,0,0,3,,
315,10.51,3,0,transition,unknown,61.74,100.02,42.01,,5.75,12.19,1,1,3,0,3,0,0,0,3,,
316,10.543,3,0,transition,unknown,63.73,86.32,44.56,,1.6,5.14,1,1,3,0,3,0,0,0,3,,
317,10.576,3,0,transition,unknown,66.76,105.24,47.52,,0.34,8.11,1,1,3,0,3,0,0,0,3,,
318,10.61,3,0,transition,unknown,71.44,103.85,50.84,,1.11,7.02,1,1,3,0,3,0,0,0,3,,
319,10.643,3,0,transition,unknown,75.98,96.31,54.45,,2.12,5.34,1,1,3,0,3,0,0,0,3,,
320,10.676,3,0,transition,unknown,77.66,97.93,58.11,,4.64,1.88,1,1,3,0,3,0,0,0,3,,
321,10.71,3,0,transition,unknown,82.94,105.26,61.94,,4.76,0.26,1,1,3,0,3,0,0,0,3,,
322,10.743,3,0,transition,unknown,90.47,118.95,66.15,,4.69,5.7,1,1,3,0,3,0,0,0,3,,
323,10.777,3,0,transition,unknown,96.74,127.95,70.52,,5.06,4.69,1,1,3,0,3,0,0,0,3,,
324,10.81,3,0,transition,unknown,106.56,132.83,75.3,,5.17,2.14,1,1,3,0,3,0,0,0,3,,
325,10.843,3,0,transition,unknown,113.88,143.94,80.42,,6.32,4.08,1,1,3,0,3,0,0,0,3,,
326,10.877,3,0,transition,unknown,121.85,142.41,85.81,,8.55,0.39,1,1,3,0,3,0,0,0,3,,
327,10.91,3,0,transition,unknown,125.9,151.98,91.16,,7.03,0.1,1,1,3,0,3,0,0,0,3,,
328,10.943,3,0,transition,unknown,132.56,146.99,96.89,,5.79,1.01,1,1,3,0,3,0,0,0,3,,
329,10.977,3,0,transition,unknown,136.25,148.49,102.69,,7.62,1.48,1,1,3,0,3,0,0,0,3,,
330,11.01,3,0,transition,unknown,138.84,147.88,108.3,,8.63,0.6,1,1,3,0,3,0,0,0,3,,
331,11.043,3,0,transition,unknown,142.23,152.08,113.82,,9.37,3.37,1,1,3,0,3,0,0,0,3,,
332,11.077,3,0,transition,unknown,146.45,153.87,119.56,,11.37,0.8,1,1,3,0,3,0,0,0,3,,
333,11.11,3,0,transition,unknown,150.22,163.52,119.56,,10.86,6.89,1,1,3,0,3,0,0,0,3,,
334,11.144,3,0,transition,unknown,156.14,165.69,119.56,,9.67,3.04,1,1,3,0,3,0,0,0,3,,
335,11.177,3,0,transition,unknown,161.71,170.05,119.56,,10.02,5.45,1,1,3,0,3,0,0,0,3,,
336,11.21,3,0,transition,unknown,165.34,174.74,119.56,,10.59,3.59,1,1,3,0,3,0,0,0,3,,
337,11.244,3,0,transition,unknown,165.3,170.99,119.56,,13.78,7.44,0,1,3,0,3,0,0,0,3,,
338,11.277,3,0,transition,unknown,166.29,172.85,119.56,,16.17,6.82,0,1,3,0,3,0,0,0,3,,
339,11.31,3,0,transition,unknown,165.41,170.66,119.56,,16.66,8.94,0,1,3,0,3,0,0,0,3,,
340,11.344,3,0,transition,unknown,167.36,175.65,119.56,,16.74,9.87,0,1,3,0,3,0,0,0,3,,
341,11.377,3,0,transition,unknown,167.27,170.72,119.56,,16.76,7.76,0,1,3,0,3,0,0,0,3,,
342,11.41,3,0,transition,unknown,168.55,172.47,126.69,,15.48,10.23,0,1,3,0,3,0,0,0,3,,
343,11.444,4,0,down,unknown,169.83,167.82,,,14.63,9.58,0,1,4,0,4,0,0,0,4,,
344,11.477,4,0,down,unknown,169.54,166.85,169.54,,13.98,9.31,0,0,4,0,4,0,0,0,4,,
345,11.511,4,0,down,unknown,170.31,165.78,169.92,,13.83,10.32,0,0,4,0,4,0,0,0,4,,
346,11.544,4,0,down,unknown,170.44,161.44,170.1,,14.84,10.86,1,0,4,0,4,0,0,0,4,,
347,11.577,4,0,down,unknown,171.94,161.38,170.56,,13.51,10.29,1,0,4,0,4,0,0,0,4,,
348,11.611,4,0,down,unknown,170.55,166.17,170.55,,13.42,6.6,1,1,4,0,4,0,0,0,4,,
349,11.644,4,0,down,unknown,169.98,165.26,170.46,,13.41,5.05,1,1,4,0,4,0,0,0,4,,
350,11.677,4,0,down,unknown,169.62,166.06,170.46,,12.86,3.73,1,1,4,0,4,0,0,0,4,,
351,11.711,4,0,down,unknown,168.28,161.04,170.15,,12.44,4.82,1,1,4,0,4,0,0,0,4,,
352,11.744,4,0,down,unknown,168.37,161.31,169.93,,11.92,1.46,1,1,4,0,4,0,0,0,4,,
353,11.777,4,0,down,unknown,170.35,163.69,169.97,,12.3,0.16,1,1,4,0,4,0,0,0,4,,
354,11.811,4,0,down,unknown,170.58,166.69,170.03,,12.86,1.99,1,1,4,0,4,0,0,0,4,,
355,11.844,4,0,down,unknown,170.98,169.46,170.12,,12.43,3.53,1,1,4,0,4,0,0,0,4,,
356,11.878,4,0,down,unknown,173.53,167.48,170.4,,12.06,4.55,1,1,4,0,4,0,0,0,4,,
357,11.911,4,0,down,unknown,174.6,169.57,170.83,,11.27,6.74,1,1,4,0,4,0,0,0,4,,
358,11.944,4,0,down,unknown,174.3,168.45,171.16,,10.63,8.75,1,1,4,0,4,0,0,0,4,,
359,11.978,4,0,down,unknown,174.26,167.18,171.48,,9.11,10.78,1,1,4,0,4,0,0,0,4,,
360,12.011,4,0,down,unknown,174.14,170.0,171.66,,8.0,11.5,1,1,4,0,4,0,0,0,4,,
361,12.044,4,0,down,unknown,175.89,171.01,172.11,,9.0,11.62,1,1,4,0,4,0,0,0,4,,
362,12.078,4,0,down,unknown,174.62,171.75,172.49,171.75,8.84,12.79,1,1,4,0,4,0,0,0,4,,
363,12.111,4,0,down,down,173.91,172.79,172.96,172.27,9.34,12.59,1,1,4,0,4,0,0,0,4,,
364,12.144,4,0,down,down,172.91,172.29,173.34,172.28,8.49,12.78,1,1,4,0,4,0,0,0,4,,
365,12.178,4,0,down,down,172.96,169.39,173.56,171.56,9.88,10.73,1,1,4,0,4,0,0,0,4,,
366,12.211,4,0,down,down,173.44,172.33,173.8,171.71,9.02,12.56,1,1,4,0,4,0,0,0,4,,
367,12.245,4,0,down,down,172.35,173.53,173.8,172.01,9.5,13.66,1,1,4,0,4,0,0,0,4,,
368,12.278,4,0,down,down,172.41,174.53,173.8,172.37,11.24,12.3,1,1,4,0,4,0,0,0,4,,
369,12.311,4,0,down,down,174.98,177.28,173.8,172.99,9.79,13.56,1,1,4,0,4,0,0,0,4,,
370,12.345,4,0,down,down,174.8,178.52,173.8,173.6,10.05,12.53,1,1,4,0,4,0,0,0,4,,
371,12.378,4,0,down,down,176.39,177.76,173.8,174.02,10.57,11.19,1,1,4,0,4,0,0,0,4,,
372,12.411,4,0,down,down,175.68,176.12,173.8,174.02,10.72,11.67,1,1,4,0,4,0,0,0,4,,
373,12.445,4,0,down,down,176.77,174.78,173.8,174.02,10.42,10.69,1,1,4,0,4,0,0,0,4,,
374,12.478,4,0,down,down,176.49,175.18,173.8,174.02,10.85,11.25,1,1,4,0,4,0,0,0,4,,
375,12.511,4,0,down,down,178.46,173.47,173.8,174.02,9.56,10.75,1,1,4,0,4,0,0,0,4,,
376,12.545,4,0,down,down,175.91,173.11,173.8,173.93,9.5,11.59,1,1,4,0,4,0,0,0,4,,
377,12.578,4,0,down,down,179.29,177.16,173.8,173.93,9.01,12.18,1,1,4,0,4,0,0,0,4,,
378,12.612,4,0,down,down,178.35,174.67,173.8,173.99,9.15,11.92,1,1,4,0,4,0,0,0,4,,
379,12.645,4,0,down,down,178.64,173.42,173.8,173.99,9.6,12.69,1,1,4,0,4,0,0,0,4,,
380,12.678,4,0,down,down,178.54,175.01,173.8,173.99,10.66,11.87,1,1,4,0,4,0,0,0,4,,
381,12.712,4,0,down,down,179.38,175.18,173.8,173.99,9.08,11.32,1,1,4,0,4,0,0,0,4,,
